Anu@gmail.com/anu@1/1123456778
Rambabu.mrb@gmail.com/ph/9704427555
phanis@gmail.com/3232/123656262
Harsha@gmail.com/harsha/9704427555
rachu/rachu@1/1234456
tarun/tarun@1/323424
mitra/mitra@1/78545848538
minnu/minnu@1/2637738339
harsha@gmail.com/harsha/595005605
gani007k@gmail.com/gani@1/9380794535
tarun@gmail.com/tarun@1/9380794535
aara/aara@1/9380794535
anuradha@gmail.com/anu@123/9380794535
